{"0.0": {"precision": 0.8076923076923077, "recall": 0.9130434782608695, "f1-score": 0.8571428571428572, "support": 115}, "1.0": {"precision": 0.9166666666666666, "recall": 0.8148148148148148, "f1-score": 0.8627450980392156, "support": 135}, "accuracy": 0.86, "macro avg": {"precision": 0.8621794871794872, "recall": 0.8639291465378421, "f1-score": 0.8599439775910365, "support": 250}, "weighted avg": {"precision": 0.8665384615384616, "recall": 0.86, "f1-score": 0.8601680672268908, "support": 250}}